source_page,matched_link
http://localhost:3001/,http://localhost:3001/#2-evaluate
http://localhost:3001/,http://localhost:3001/#1-experiment
http://localhost:3001/,http://localhost:3001/#3-observe
http://localhost:3001/,http://localhost:3001/#4-data-engine
http://localhost:3001/#2-evaluate,http://localhost:3001/#2-evaluate
http://localhost:3001/#2-evaluate,http://localhost:3001/#1-experiment
http://localhost:3001/#2-evaluate,http://localhost:3001/#3-observe
http://localhost:3001/#2-evaluate,http://localhost:3001/#4-data-engine
http://localhost:3001/#1-experiment,http://localhost:3001/#2-evaluate
http://localhost:3001/#1-experiment,http://localhost:3001/#1-experiment
http://localhost:3001/#1-experiment,http://localhost:3001/#3-observe
http://localhost:3001/#1-experiment,http://localhost:3001/#4-data-engine
http://localhost:3001/#3-observe,http://localhost:3001/#2-evaluate
http://localhost:3001/#3-observe,http://localhost:3001/#1-experiment
http://localhost:3001/#3-observe,http://localhost:3001/#3-observe
http://localhost:3001/#3-observe,http://localhost:3001/#4-data-engine
http://localhost:3001/#4-data-engine,http://localhost:3001/#2-evaluate
http://localhost:3001/#4-data-engine,http://localhost:3001/#1-experiment
http://localhost:3001/#4-data-engine,http://localhost:3001/#3-observe
http://localhost:3001/#4-data-engine,http://localhost:3001/#4-data-engine
